{
    "position": [
        6.403813038669702e-05,
        1.435059948206085e-05,
        -0.9500101176328781
    ],
    "fov": 60,
    "width": 160,
    "height": 120,
    "R_cam": [
        [
            0.9999998707375348,
            0.0005084485211583871,
            -2.2394300499754636e-06
        ],
        [
            -0.0005084485202947014,
            0.9999998707399682,
            3.8622452225939915e-07
        ],
        [
            2.239626135793842e-06,
            -3.8508583743985177e-07,
            0.9999999999974178
        ]
    ]
}