{
    "position": [
        -1.1684746030035449,
        0.06969934161555842,
        10.50062957755251
    ],
    "fov": 60,
    "width": 160,
    "height": 120,
    "R_cam": [
        [
            0.8591173634310983,
            0.0005260120310939913,
            -0.5117783496422462
        ],
        [
            -0.0002246682763977976,
            0.9999997630805634,
            0.0006506634941450911
        ],
        [
            0.5117785706488341,
            -0.00044401594585896366,
            0.859117278067713
        ]
    ]
}