{
    "position": [
        5.9154993930089725e-05,
        6.803102611910952e-06,
        -0.9500107409378996
    ],
    "fov": 60,
    "width": 160,
    "height": 120,
    "R_cam": [
        [
            0.9999998962160861,
            0.00045559547371382597,
            7.625175553398016e-07
        ],
        [
            -0.0004555954803349643,
            0.999999896178479,
            8.705729065057712e-06
        ],
        [
            -7.585511854166499e-07,
            -8.706075561094964e-06,
            0.9999999999618144
        ]
    ]
}