{
    "position": [
        6.4682270649219475,
        0.05275718022671745,
        12.17862307874962
    ],
    "fov": 60,
    "width": 160,
    "height": 120,
    "R_cam": [
        [
            0.8407371668089287,
            0.0005108065366517179,
            -0.5414432153262035
        ],
        [
            -0.000203824363469152,
            0.9999997827109846,
            0.0006269239288276529
        ],
        [
            0.5414434179133812,
            -0.00041671892900872894,
            0.8407370882407947
        ]
    ]
}