{
    "position": [
        -33.98782002214104,
        0.1372045920034057,
        11.50746130749549
    ],
    "fov": 60,
    "width": 160,
    "height": 120,
    "R_cam": [
        [
            0.9181466936577765,
            0.0005346739090036366,
            0.3962402844854423
        ],
        [
            -0.00070990947923971,
            0.99999970432554,
            0.0002955966236450132
        ],
        [
            -0.3962400092795079,
            -0.0005526957966689259,
            0.9181468017553249
        ]
    ]
}