{
    "position": [
        9.271397540121412e-06,
        1.1392441390470964e-05,
        -0.9500221203679818
    ],
    "fov": 60,
    "width": 160,
    "height": 120,
    "R_cam": [
        [
            0.9999999964702645,
            8.367900486054085e-05,
            7.569351361405142e-06
        ],
        [
            -8.367929820517703e-05,
            0.9999999957476314,
            3.87622519219113e-05
        ],
        [
            -7.566107742550491e-06,
            -3.87628851831006e-05,
            0.9999999992200964
        ]
    ]
}