{
    "position": [
        -2.2505395567717725,
        0.18606278027769457,
        8.03315052133837
    ],
    "fov": 60,
    "width": 160,
    "height": 120,
    "R_cam": [
        [
            0.782854370195553,
            0.0004672502522946294,
            0.6222048028928463
        ],
        [
            -0.0007523023773012472,
            0.9999996978940369,
            0.00019558366003838253
        ],
        [
            -0.6222045235345505,
            -0.0006211996753844313,
            0.7828544852040551
        ]
    ]
}