{
    "position": [
        -21.357541615140782,
        0.10518287345785435,
        11.345727617331379
    ],
    "fov": 60,
    "width": 160,
    "height": 120,
    "R_cam": [
        [
            0.990135279527,
            0.0005439893172869727,
            -0.14011364070500842
        ],
        [
            -0.0004686097155381585,
            0.999999727193062,
            0.0005709805040888534
        ],
        [
            0.1401139130883297,
            -0.0004996893277066945,
            0.9901352643299055
        ]
    ]
}