{
    "position": [
        -15.729206728449416,
        0.17944945072684973,
        9.950027953411764
    ],
    "fov": 60,
    "width": 160,
    "height": 120,
    "R_cam": [
        [
            0.6557654105730377,
            0.0004842278712013172,
            0.7549645632871412
        ],
        [
            -0.000775181903240136,
            0.9999996990365427,
            3.193494735124916e-05
        ],
        [
            -0.7549643206066047,
            -0.0006061767009092046,
            0.6557655885762954
        ]
    ]
}