{
    "position": [
        0.37655518749072314,
        0.0093760945789852,
        13.170718170474442
    ],
    "fov": 60,
    "width": 160,
    "height": 120,
    "R_cam": [
        [
            0.9722741141269033,
            0.0005004648641632019,
            0.23384353002310113
        ],
        [
            -0.0005431793120738819,
            0.9999998454853605,
            0.00011826026412579591
        ],
        [
            -0.23384343470574534,
            -0.00024200036131019804,
            0.9722742357384798
        ]
    ]
}