{
    "position": [
        16.489713329244314,
        0.1952731079123709,
        6.961219220211379
    ],
    "fov": 60,
    "width": 160,
    "height": 120,
    "R_cam": [
        [
            0.9966387296084397,
            0.0004534931034435832,
            0.08192091911398784
        ],
        [
            -0.0005051270725727873,
            0.9999996866376523,
            0.0006095664343605569
        ],
        [
            -0.08192061700888222,
            -0.0006488979908075727,
            0.9966386463710313
        ]
    ]
}