{
    "position": [
        -0.00021876090446613117,
        0.0018184677543382445,
        7.993225129229993
    ],
    "fov": 60,
    "width": 160,
    "height": 120,
    "R_cam": [
        [
            0.9999998687527314,
            0.0005122097997749684,
            -1.1646499519345873e-05
        ],
        [
            -0.0005122082431355755,
            0.9999998599409392,
            0.00013326971763466547
        ],
        [
            1.1714759943533808e-05,
            -0.00013326373471032158,
            0.9999999910517706
        ]
    ]
}