{
    "position": [
        0.060598749996979055,
        0.007352538148836671,
        13.079825327455545
    ],
    "fov": 60,
    "width": 160,
    "height": 120,
    "R_cam": [
        [
            0.9909248510579387,
            0.0005056570706894678,
            0.13441608485121412
        ],
        [
            -0.0005308517488675367,
            0.9999998476072367,
            0.0001515979026764257
        ],
        [
            -0.1344159877106241,
            -0.00022157714284952722,
            0.9909249684771028
        ]
    ]
}