{
    "position": [
        6.030612835852183e-06,
        0.00024237166074511876,
        1.6652608855902584
    ],
    "fov": 60,
    "width": 160,
    "height": 120,
    "R_cam": [
        [
            0.9999998667470786,
            0.0005161819200675128,
            -7.877203170187711e-06
        ],
        [
            -0.0005161814297712169,
            0.9999998648490307,
            6.21180490124914e-05
        ],
        [
            7.909266319386183e-06,
            -6.211397466908491e-05,
            0.9999999980396488
        ]
    ]
}