{
    "position": [
        -33.79735138529925,
        0.15361761251008546,
        11.37478966020188
    ],
    "fov": 60,
    "width": 160,
    "height": 120,
    "R_cam": [
        [
            0.7915936674992607,
            0.0005203064814578859,
            0.6110476207761839
        ],
        [
            -0.000762573668521545,
            0.9999996999392317,
            0.00013639225296900207
        ],
        [
            -0.6110473664589922,
            -0.0005739360695628758,
            0.791593826745079
        ]
    ]
}