{
    "position": [
        2.2902302089079805,
        0.013887918657387876,
        12.025377297347447
    ],
    "fov": 60,
    "width": 160,
    "height": 120,
    "R_cam": [
        [
            0.9807728130084616,
            0.0004889387566771332,
            0.19515237688114723
        ],
        [
            -0.0005344161089996986,
            0.9999998409307402,
            0.00018038269480111322
        ],
        [
            -0.1951522576423126,
            -0.00028120701691300003,
            0.9807729182944043
        ]
    ]
}