{
    "position": [
        5.796065906893531,
        0.019642011763610794,
        12.000460753134186
    ],
    "fov": 60,
    "width": 160,
    "height": 120,
    "R_cam": [
        [
            0.999548936249205,
            0.0004815607879209905,
            0.030028189127721507
        ],
        [
            -0.0004909348196474386,
            0.999999833039184,
            0.0003048025702833544
        ],
        [
            -0.030028037333224646,
            -0.00031940696850650763,
            0.9995490057786576
        ]
    ]
}