{
    "position": [
        9.565846636462666,
        0.03860897886002387,
        14.208435577682268
    ],
    "fov": 60,
    "width": 160,
    "height": 120,
    "R_cam": [
        [
            0.871248036033473,
            0.0004951562148636064,
            -0.4908427594740896
        ],
        [
            -0.00024087740069951303,
            0.9999998020753158,
            0.0005812292207006269
        ],
        [
            0.49084295012345236,
            -0.00038816188896639224,
            0.8712479828639226
        ]
    ]
}