{
    "position": [
        -29.215488897316842,
        0.12160645146665353,
        12.052969294182475
    ],
    "fov": 60,
    "width": 160,
    "height": 120,
    "R_cam": [
        [
            0.9931945083687131,
            0.0005429911514312809,
            0.1164661912609822
        ],
        [
            -0.0006007187053117298,
            0.999999713511297,
            0.00046055874875589877
        ],
        [
            -0.11646590781540883,
            -0.0005273878396724101,
            0.9931945500146481
        ]
    ]
}