{
    "position": [
        1.1139245235059092,
        0.011551067298419612,
        12.740018705642065
    ],
    "fov": 60,
    "width": 160,
    "height": 120,
    "R_cam": [
        [
            0.9721084052080665,
            0.0004943634141086355,
            0.23453145658662589
        ],
        [
            -0.0005419622374433393,
            0.9999998435472687,
            0.00013850043841736508
        ],
        [
            -0.23453135142398934,
            -0.00026174463327305596,
            0.9721085210453533
        ]
    ]
}