{
    "position": [
        -25.613496940968062,
        0.11358448003851357,
        11.928597645286725
    ],
    "fov": 60,
    "width": 160,
    "height": 120,
    "R_cam": [
        [
            0.999720062208527,
            0.0005443566398979438,
            -0.02365377123478368
        ],
        [
            -0.0005320531544083516,
            0.9999997198905124,
            0.0005264393010114421
        ],
        [
            0.023654051179866947,
            -0.0005137068671570523,
            0.99972007180412
        ]
    ]
}