{
    "position": [
        -11.341944379730302,
        0.08756988482321648,
        10.21303027216183
    ],
    "fov": 60,
    "width": 160,
    "height": 120,
    "R_cam": [
        [
            0.9277070181367256,
            0.0005381220089186972,
            -0.3733087179862916
        ],
        [
            -0.00032321499180978225,
            0.9999997440694834,
            0.0006382734810298857
        ],
        [
            0.3733089659142065,
            -0.0004714718136155236,
            0.92770695463729
        ]
    ]
}