{
    "position": [
        -32.07872913116519,
        0.12938508329917653,
        11.776502204709912
    ],
    "fov": 60,
    "width": 160,
    "height": 120,
    "R_cam": [
        [
            0.9653666187244472,
            0.000539710886453978,
            0.26089653153057973
        ],
        [
            -0.0006620248797386855,
            0.9999997083037487,
            0.00038094025267181074
        ],
        [
            -0.2608962498304381,
            -0.0005404669985685948,
            0.9653666944326581
        ]
    ]
}