{
    "position": [
        3.1485180848724634,
        0.060979134148275674,
        11.171868050528023
    ],
    "fov": 60,
    "width": 160,
    "height": 120,
    "R_cam": [
        [
            0.8410619098106231,
            0.0005186028265587384,
            -0.5409386239831795
        ],
        [
            -0.00020333606050523765,
            0.9999997728867428,
            0.000642558098062648
        ],
        [
            0.5409388343612924,
            -0.0004304388123449886,
            0.841061824244969
        ]
    ]
}