{
    "position": [
        0.0009558756775887317,
        0.005557890006955198,
        12.475621535159439
    ],
    "fov": 60,
    "width": 160,
    "height": 120,
    "R_cam": [
        [
            0.9997616436662149,
            0.0005083645225087991,
            0.02182653017180253
        ],
        [
            -0.0005126144639799508,
            0.9999998507300154,
            0.0001891199571322337
        ],
        [
            -0.02182643077188,
            -0.00020026347425716683,
            0.999761755026817
        ]
    ]
}