{
    "position": [
        -9.0909092810052,
        0.18310319517295143,
        9.01086913412621
    ],
    "fov": 60,
    "width": 160,
    "height": 120,
    "R_cam": [
        [
            0.6915134506177341,
            0.00047527428210096214,
            0.7223634277350366
        ],
        [
            -0.0007717603256564153,
            0.9999996989239862,
            8.085750827723572e-05
        ],
        [
            -0.7223631718192411,
            -0.0006134054887882193,
            0.6915136092174556
        ]
    ]
}