{
    "position": [
        -16.528297157119642,
        0.09646329703303745,
        10.651578275699027
    ],
    "fov": 60,
    "width": 160,
    "height": 120,
    "R_cam": [
        [
            0.9663467373495002,
            0.0005419371498274134,
            -0.2572424722282495
        ],
        [
            -0.0003987975953800728,
            0.9999997352773504,
            0.0006086096508476284
        ],
        [
            0.25724273395852015,
            -0.0004855402710617731,
            0.9663466976588636
        ]
    ]
}