{
    "position": [
        3.9088016603842997,
        0.016544003811788992,
        11.716351376339437
    ],
    "fov": 60,
    "width": 160,
    "height": 120,
    "R_cam": [
        [
            0.988998324375503,
            0.0004844226066287503,
            0.14792592645370053
        ],
        [
            -0.0005235329337223553,
            0.9999998375416015,
            0.00022545517933267572
        ],
        [
            -0.1479257932063058,
            -0.000300418888831698,
            0.9889984173156074
        ]
    ]
}