{
    "position": [
        6.249101557399192e-05,
        2.0757591936393156e-05,
        -0.9166775664893365
    ],
    "fov": 60,
    "width": 160,
    "height": 120,
    "R_cam": [
        [
            0.9999998653235757,
            0.0005189657163981301,
            -5.236007610688957e-06
        ],
        [
            -0.0005189656521969224,
            0.9999998652622194,
            1.225539803272801e-05
        ],
        [
            5.242367036620711e-06,
            -1.2252679074110234e-05,
            0.9999999999111947
        ]
    ]
}