{
    "position": [
        9.638351074608986,
        0.03273762942921034,
        14.332192994894836
    ],
    "fov": 60,
    "width": 160,
    "height": 120,
    "R_cam": [
        [
            0.9184683362923247,
            0.0004885055535478302,
            -0.3954942181508261
        ],
        [
            -0.0003013110600616655,
            0.9999998112613697,
            0.0005354333479178428
        ],
        [
            0.3954944050679531,
            -0.0003726117941382456,
            0.9184683101339952
        ]
    ]
}