{
    "position": [
        -6.113851581485941,
        0.07862090376117067,
        10.174229071156162
    ],
    "fov": 60,
    "width": 160,
    "height": 120,
    "R_cam": [
        [
            0.8879142451317316,
            0.0005326447339818771,
            -0.460008705984718
        ],
        [
            -0.0002624189751190011,
            0.9999997534221611,
            0.000651376925141094
        ],
        [
            0.46000893950925437,
            -0.00045765183761255527,
            0.887914165967841
        ]
    ]
}