{
    "position": [
        -5.166319613794865e-05,
        0.0005757066721088734,
        3.846398636912504
    ],
    "fov": 60,
    "width": 160,
    "height": 120,
    "R_cam": [
        [
            0.9999998674324265,
            0.0005148312790894586,
            -9.158792230981811e-06
        ],
        [
            -0.0005148304866868699,
            0.9999998637499614,
            8.631123136426676e-05
        ],
        [
            9.203226704739067e-06,
            -8.63065046967345e-05,
            0.9999999962332439
        ]
    ]
}