{
    "position": [
        -34.67539591844246,
        0.14526390602285677,
        11.368148894876013
    ],
    "fov": 60,
    "width": 160,
    "height": 120,
    "R_cam": [
        [
            0.8547323941314999,
            0.0005280954225158353,
            0.5190686424139481
        ],
        [
            -0.0007440701657854494,
            0.9999997015800628,
            0.00020784459022656564
        ],
        [
            -0.5190683777517398,
            -0.0005638749950266075,
            0.8547325320023611
        ]
    ]
}