{
    "position": [
        -0.0003293776641452736,
        0.0027853571861612457,
        9.738729157947907
    ],
    "fov": 60,
    "width": 160,
    "height": 120,
    "R_cam": [
        [
            0.9999998693886104,
            0.0005109379089855795,
            -1.2853606516382914e-05
        ],
        [
            -0.0005109358969523751,
            0.9999998572958484,
            0.0001560538116934846
        ],
        [
            1.29333384903558e-05,
            -0.00015604722394210488,
            0.9999999877409963
        ]
    ]
}