{
    "position": [
        -31.231469282797644,
        0.1616628667343332,
        11.34785738194746
    ],
    "fov": 60,
    "width": 160,
    "height": 120,
    "R_cam": [
        [
            0.7396432055094098,
            0.000511756497251042,
            0.672999009396784
        ],
        [
            -0.0007708928372559884,
            0.9999996990932757,
            8.68193045998135e-05
        ],
        [
            -0.6729987624565134,
            -0.0005830254245786604,
            0.7396433774552137
        ]
    ]
}