{
    "position": [
        4.476322762547366,
        0.188793151914475,
        7.255165310853595
    ],
    "fov": 60,
    "width": 160,
    "height": 120,
    "R_cam": [
        [
            0.8755183272414608,
            0.00046073941833072113,
            0.48318469179342044
        ],
        [
            -0.0007077160805003414,
            0.9999996955087682,
            0.00032881654493694204
        ],
        [
            -0.4831843931691748,
            -0.0006298424876263131,
            0.8755183867265022
        ]
    ]
}