{
    "position": [
        8.562682289580561,
        0.045310127638927146,
        13.383516833813976
    ],
    "fov": 60,
    "width": 160,
    "height": 120,
    "R_cam": [
        [
            0.8438378857640368,
            0.0005029150798639935,
            -0.5365979590211863
        ],
        [
            -0.0002083023872063407,
            0.9999997924632671,
            0.0006096585422493645
        ],
        [
            0.5365981542638735,
            -0.00040267833949552507,
            0.8438378153950906
        ]
    ]
}