{
    "position": [
        -21.857827793067692,
        0.17474925627922158,
        10.685470366186168
    ],
    "fov": 60,
    "width": 160,
    "height": 120,
    "R_cam": [
        [
            0.6607638041768147,
            0.0004935079209328345,
            0.7505937326808131
        ],
        [
            -0.0007756623756940887,
            0.9999996988527754,
            2.5342404256720468e-05
        ],
        [
            -0.7505934941349165,
            -0.0005989526613159506,
            0.6607639879851555
        ]
    ]
}