{
    "position": [
        4.483785313568254e-05,
        7.002063646463642e-05,
        -0.1345513435372938
    ],
    "fov": 60,
    "width": 160,
    "height": 120,
    "R_cam": [
        [
            0.9999998660442946,
            0.0005175598813997732,
            -6.569781455201302e-06
        ],
        [
            -0.0005175596351015511,
            0.9999998653652735,
            3.743606337418474e-05
        ],
        [
            6.5891559752005906e-06,
            -3.7432658105717806e-05,
            0.9999999992776896
        ]
    ]
}