{
    "position": [
        -0.00012683738208327692,
        0.0010951975831916254,
        6.033430796929798
    ],
    "fov": 60,
    "width": 160,
    "height": 120,
    "R_cam": [
        [
            0.9999998681008213,
            0.0005135074161630447,
            -1.0415057918902348e-05
        ],
        [
            -0.0005135062671631174,
            0.999999862102865,
            0.00011002529122333236
        ],
        [
            1.047155528570438e-05,
            -0.00011001992851357259,
            0.9999999938929809
        ]
    ]
}