{
    "position": [
        7.585058998773215,
        0.02334240945718943,
        12.840901088985213
    ],
    "fov": 60,
    "width": 160,
    "height": 120,
    "R_cam": [
        [
            0.9931604482753843,
            0.000481301554882776,
            -0.11675655155172687
        ],
        [
            -0.00043854517280220655,
            0.9999998270500766,
            0.0003918902247827384
        ],
        [
            0.11675671997606477,
            -0.00033800684924392374,
            0.9931604875808344
        ]
    ]
}