{
    "position": [
        10.811722053932332,
        0.19173510806940042,
        6.8636646909740415
    ],
    "fov": 60,
    "width": 160,
    "height": 120,
    "R_cam": [
        [
            0.9525785945763401,
            0.00045605820488106683,
            0.30429231532504797
        ],
        [
            -0.0006289278741191042,
            0.9999996917319081,
            0.0004700912869672215
        ],
        [
            -0.3042920071324481,
            -0.0006391768164499814,
            0.9525785877544716
        ]
    ]
}