{
    "position": [
        -0.00046096346771392157,
        0.004038240962795512,
        11.341170790934358
    ],
    "fov": 60,
    "width": 160,
    "height": 120,
    "R_cam": [
        [
            0.9999998700088982,
            0.000509691233217584,
            -1.4036858783898494e-05
        ],
        [
            -0.0005096887211696927,
            0.9999998541977875,
            0.00017838669026847668
        ],
        [
            1.412777886944597e-05,
            -0.00017837951265119148,
            0.9999999839905775
        ]
    ]
}