{
    "position": [
        -27.143966961085226,
        0.16880999667786947,
        11.146067694331036
    ],
    "fov": 60,
    "width": 160,
    "height": 120,
    "R_cam": [
        [
            0.6943427763433285,
            0.0005027706306884301,
            0.7196442566723725
        ],
        [
            -0.0007746421562595948,
            0.9999996987754863,
            4.876952172253111e-05
        ],
        [
            -0.719644015377998,
            -0.0005913295438422784,
            0.6943429566575888
        ]
    ]
}