{
    "position": [
        8.929055666447157,
        0.027700857237524055,
        13.796882965693689
    ],
    "fov": 60,
    "width": 160,
    "height": 120,
    "R_cam": [
        [
            0.9653861952735641,
            0.0004837091362627583,
            -0.26082419366443654
        ],
        [
            -0.0003741515926032382,
            0.9999998196977752,
            0.0004696967136712527
        ],
        [
            0.2608243738338458,
            -0.0003558509358945829,
            0.965386202192829
        ]
    ]
}